{
  "k": 7,
  "quality": 0.8605577224124753,
  "role_scores": {
    "soil": 0.8743457462078151,
    "white": 0.9408604651162791,
    "dark": 1.0
  },
  "selected_components": {
    "soil": {
      "cluster": 5,
      "component": 2,
      "area": 22823,
      "area_fraction": 0.017026803619174944,
      "centroid_y": 0.4701185274291351,
      "centroid_x": 0.7249416832448516,
      "brightness": 0.3636363744735718,
      "border_fraction": 0.0,
      "fill_fraction": 0.4804639804639805,
      "bbox_y0": 406,
      "bbox_y1": 588,
      "bbox_x0": 840,
      "bbox_x1": 1101
    },
    "white": {
      "cluster": 1,
      "component": 1,
      "area": 23271,
      "area_fraction": 0.017361028218105423,
      "centroid_y": 0.6074283991087543,
      "centroid_x": 0.762690783254926,
      "brightness": 1.0,
      "border_fraction": 0.0,
      "fill_fraction": 0.800571074721343,
      "bbox_y0": 538,
      "bbox_y1": 710,
      "bbox_x0": 913,
      "bbox_x1": 1082
    }
  },
  "dark_rectangle": {
    "corner": "top_right",
    "y0": 10,
    "y1": 92,
    "x0": 1183,
    "x1": 1288,
    "brightness": 0.0,
    "objective": 0.0003393288003280759
  },
  "confidence": 0.8743457462078151,
  "status": "ok",
  "reason": "",
  "roi_sizes": {
    "soil": 25436,
    "white": 4354,
    "dark": 8610
  },
  "invalid_reflectance_fraction": 0.010937500000000044,
  "reflectance_outside_fraction": 0.1066350710900474,
  "preview_range_start_inclusive_stop_exclusive": [
    390,
    550
  ],
  "preview_subranges": [
    [
      390,
      443
    ],
    [
      443,
      496
    ],
    [
      496,
      550
    ]
  ],
  "soil_roi_radius_pixels": 90.0
}