{
  "k": 4,
  "quality": 0.8418991080537715,
  "role_scores": {
    "soil": 0.824524861878453,
    "white": 0.8650322580645161,
    "dark": 1.0
  },
  "selected_components": {
    "soil": {
      "cluster": 1,
      "component": 1,
      "area": 178862,
      "area_fraction": 0.13343767904889228,
      "centroid_y": 0.6476580955562949,
      "centroid_x": 0.38153044338729086,
      "brightness": 0.4545454680919647,
      "border_fraction": 0.0,
      "fill_fraction": 0.750332456570894,
      "bbox_y0": 440,
      "bbox_y1": 879,
      "bbox_x0": 220,
      "bbox_x1": 763
    },
    "white": {
      "cluster": 3,
      "component": 1,
      "area": 40460,
      "area_fraction": 0.030184659090909092,
      "centroid_y": 0.6353294155336794,
      "centroid_x": 0.7625120177590734,
      "brightness": 0.9545454382896423,
      "border_fraction": 0.0,
      "fill_fraction": 0.75009269558769,
      "bbox_y0": 508,
      "bbox_y1": 818,
      "bbox_x0": 910,
      "bbox_x1": 1084
    }
  },
  "dark_rectangle": {
    "corner": "top_right",
    "y0": 10,
    "y1": 92,
    "x0": 1183,
    "x1": 1288,
    "brightness": 0.0,
    "objective": 0.0003393288003280759
  },
  "confidence": 0.824524861878453,
  "status": "ok",
  "reason": "",
  "roi_sizes": {
    "soil": 25445,
    "white": 4612,
    "dark": 8610
  },
  "invalid_reflectance_fraction": 0.01953125,
  "reflectance_outside_fraction": 0.0015936254980079682,
  "preview_range_start_inclusive_stop_exclusive": [
    390,
    550
  ],
  "preview_subranges": [
    [
      390,
      443
    ],
    [
      443,
      496
    ],
    [
      496,
      550
    ]
  ],
  "soil_roi_radius_pixels": 90.0
}