{
  "k": 4,
  "quality": 0.895826555874739,
  "role_scores": {
    "soil": 0.9244867256637168,
    "white": 0.8998070062731465,
    "dark": 1.0
  },
  "selected_components": {
    "soil": {
      "cluster": 3,
      "component": 1,
      "area": 143833,
      "area_fraction": 0.1399023048431275,
      "centroid_y": 0.558161860067991,
      "centroid_x": 0.5269435413905953,
      "brightness": 0.25925925374031067,
      "border_fraction": 0.0,
      "fill_fraction": 0.7896143964513933,
      "bbox_y0": 358,
      "bbox_y1": 761,
      "bbox_x0": 306,
      "bbox_x1": 758
    },
    "white": {
      "cluster": 2,
      "component": 1,
      "area": 28296,
      "area_fraction": 0.02752272161354582,
      "centroid_y": 0.5140343280682277,
      "centroid_x": 0.9177683235281433,
      "brightness": 0.9259259104728699,
      "border_fraction": 0.0671119592875318,
      "fill_fraction": 0.8004526166902405,
      "bbox_y0": 429,
      "bbox_y1": 631,
      "bbox_x0": 828,
      "bbox_x1": 1003
    }
  },
  "dark_rectangle": {
    "corner": "top_left",
    "y0": 10,
    "y1": 92,
    "x0": 62,
    "x1": 142,
    "brightness": 0.0,
    "objective": 0.0
  },
  "confidence": 0.8998070062731465,
  "status": "ok",
  "reason": "",
  "roi_sizes": {
    "soil": 25436,
    "white": 4646,
    "dark": 6560
  },
  "invalid_reflectance_fraction": 0.0,
  "reflectance_outside_fraction": 0.0,
  "preview_range_start_inclusive_stop_exclusive": [
    390,
    550
  ],
  "preview_subranges": [
    [
      390,
      443
    ],
    [
      443,
      496
    ],
    [
      496,
      550
    ]
  ],
  "soil_roi_radius_pixels": 90.0
}