{
  "k": 4,
  "quality": 0.8091739280516043,
  "role_scores": {
    "soil": 0.8347329826239439,
    "white": 0.8558805970149254,
    "dark": 1.0
  },
  "selected_components": {
    "soil": {
      "cluster": 1,
      "component": 5,
      "area": 11193,
      "area_fraction": 0.008647677264636076,
      "centroid_y": 0.7665927044369216,
      "centroid_x": 0.9462794831545194,
      "brightness": 0.3333333432674408,
      "border_fraction": 0.04065040650406504,
      "fill_fraction": 0.5775541795665635,
      "bbox_y0": 719,
      "bbox_y1": 889,
      "bbox_x0": 1149,
      "bbox_x1": 1263
    },
    "white": {
      "cluster": 3,
      "component": 1,
      "area": 44628,
      "area_fraction": 0.034479455102848104,
      "centroid_y": 0.6505072978218724,
      "centroid_x": 0.8076947669308653,
      "brightness": 0.8888888955116272,
      "border_fraction": 0.0,
      "fill_fraction": 0.7790521078816444,
      "bbox_y0": 510,
      "bbox_y1": 845,
      "bbox_x0": 932,
      "bbox_x1": 1103
    }
  },
  "dark_rectangle": {
    "corner": "top_left",
    "y0": 10,
    "y1": 92,
    "x0": 112,
    "x1": 213,
    "brightness": 0.0,
    "objective": 0.0
  },
  "confidence": 0.8347329826239439,
  "status": "review",
  "reason": "muchas_bandas_invalidas",
  "roi_sizes": {
    "soil": 22386,
    "white": 4445,
    "dark": 8282
  },
  "invalid_reflectance_fraction": 0.44921875,
  "reflectance_outside_fraction": 0.0,
  "preview_range_start_inclusive_stop_exclusive": [
    390,
    550
  ],
  "preview_subranges": [
    [
      390,
      443
    ],
    [
      443,
      496
    ],
    [
      496,
      550
    ]
  ],
  "soil_roi_radius_pixels": 90.0
}