{
  "k": 7,
  "quality": 0.8522046949798595,
  "role_scores": {
    "soil": 0.8177662337662337,
    "white": 0.8499981255857544,
    "dark": 1.0
  },
  "selected_components": {
    "soil": {
      "cluster": 3,
      "component": 1,
      "area": 139383,
      "area_fraction": 0.12419362311815693,
      "centroid_y": 0.47099283226357547,
      "centroid_x": 0.41869580015015295,
      "brightness": 0.5,
      "border_fraction": 0.0,
      "fill_fraction": 0.8023798010500138,
      "bbox_y0": 302,
      "bbox_y1": 678,
      "bbox_x0": 230,
      "bbox_x1": 692
    },
    "white": {
      "cluster": 4,
      "component": 1,
      "area": 42564,
      "area_fraction": 0.037925553147810216,
      "centroid_y": 0.43106368577689186,
      "centroid_x": 0.7445277570729911,
      "brightness": 1.0,
      "border_fraction": 0.0,
      "fill_fraction": 0.7739049800905471,
      "bbox_y0": 306,
      "bbox_y1": 597,
      "bbox_x0": 714,
      "bbox_x1": 903
    }
  },
  "dark_rectangle": {
    "corner": "top_left",
    "y0": 10,
    "y1": 92,
    "x0": 11,
    "x1": 99,
    "brightness": 0.0,
    "objective": 0.0
  },
  "confidence": 0.8177662337662337,
  "status": "ok",
  "reason": "",
  "roi_sizes": {
    "soil": 25448,
    "white": 5417,
    "dark": 7216
  },
  "invalid_reflectance_fraction": 0.0,
  "reflectance_outside_fraction": 0.0,
  "preview_range_start_inclusive_stop_exclusive": [
    390,
    550
  ],
  "preview_subranges": [
    [
      390,
      443
    ],
    [
      443,
      496
    ],
    [
      496,
      550
    ]
  ],
  "soil_roi_radius_pixels": 90.0
}